protein,uniprot,length,pLDDT_mean,pLDDT_median,pLDDT_fraction_high,pLDDT_fraction_ok,pLDDT_fraction_low,Rg,end_to_end,anisotropy_index,curvature_mean,low_confidence_warning,likely_IDR_heavy
LBX1,P52954,281,66.86779359430605,60.25,0.2313167259786477,0.15658362989323843,0.6120996441281139,22.694646921843987,54.39289469222979,2.7115218109036294,0.32743200035154035,True,False
POC5,Q8NA72,575,63.974834782608696,50.91,0.33217391304347826,0.06086956521739131,0.6069565217391304,87.28345622547697,39.38945682539936,102.15388336220066,0.35989167252270965,True,True
ADGRG6,Q86SQ4,1221,73.72809172809173,81.0,0.1638001638001638,0.5356265356265356,0.30057330057330056,51.329351327023446,94.45647863963593,4.296379746708081,0.29977804065392494,False,False
