Age_Years,Sitting_Height_m,Estimated_Spine_Length_m,In_Vulnerability_Window
8,0.65,0.29250000000000004,False
9,0.68,0.30600000000000005,False
10,0.71,0.3195,False
11,0.74,0.333,False
12,0.78,0.35100000000000003,True
13,0.81,0.36450000000000005,True
14,0.83,0.3735,True
15,0.84,0.378,True
