Condition,Final Kd,Max Postural Error
Normal Sleep,2.894800853798108,581.9036701565964
Sleep Deprived,2.351302845461922,40954.180061678715
