Age_years,Spine_Length_m,Growth_Velocity_m_yr
2,0.22,
4,0.25,0.015
6,0.28,0.015000000000000013
8,0.31,0.014999999999999986
10,0.33,0.010000000000000009
11,0.34,0.010000000000000009
12,0.355,0.014999999999999958
13,0.37,0.015000000000000013
14,0.39,0.020000000000000018
15,0.4,0.010000000000000009
16,0.41,0.009999999999999953
18,0.42,0.0050000000000000044
