Species,Mass (kg),Length (m),EI (Nm2),Bg,P_crit (N),Load (N),Is Biped
Human,70.0,0.5,2.9340984665746506,0.017091006067130626,115.83356455573883,686.7,True
Calf,100.0,0.8,1.2247927800579894,0.001950803994740681,18.887844082004374,981.0,False
Pig,50.0,0.6,0.9542338076753832,0.005403974446003983,26.160861633058943,490.5,False
Baboon,25.0,0.4,0.4862825733483767,0.01239252225658452,29.996353913076227,245.25,True
Goat,50.0,0.5,0.25720075423422656,0.0020974577307582187,10.153878783814498,490.5,False
Sheep,60.0,0.6,0.20322203270703312,0.0009590649786075865,5.571447412232388,588.6,False
Rabbit,3.0,0.25,0.006729389303811517,0.0036585194991839713,1.0626625646326688,29.43,False
Rat,0.3,0.15,5.687803956563865e-05,0.000858957821809018,0.02494949998321608,2.943,False
Mouse,0.03,0.05,6.043791985031554e-07,0.0008214464131881145,0.0023859934389894397,0.2943,False
