theta_deg,avg_curvature,max_curvature,zero_crossings,tip_x,tip_z
0.0,46.879072715955814,147.56211976352628,26,0.0,-0.28673112591364797
15.0,53.098317791888036,133.5540087819049,25,0.0,-0.39101153675894296
30.0,52.73858476156615,115.30370426311961,22,0.0,-0.05208149368285285
45.0,65.28648526852956,130.50914651489492,18,0.0,-0.053772517391557646
60.0,53.44137671874845,129.88257129014957,26,0.0,0.260438914741945
75.0,53.02796779931896,117.09374758705209,32,0.0,-0.3233856817900742
90.0,64.06982669102034,142.29822188237443,17,0.0,-0.22581634568270623
