profile_name,anisotropy_index,curvature_summary,torsion_summary,PAE_domain_blockiness_score,input_anisotropy,input_curvature,input_torsion,input_blockiness,mapped_stiffness_anisotropy,mapped_chi_kappa,mapped_chi_tau,mapped_chi_E,runtime_sec,peak_memory_mb,success,error,max_curvature,max_torsion,end_to_end_distance,S_lat,cobb_angle,z_tip,x_tip,y_tip
Control,1.0,0.0,0.0,0.0,1.0,0.0,0.0,0.0,1.0,0.0,0.0,0.0,7.773776054382324,14.598055839538574,True,,1.8428050908097888,0.0,0.49386842532524283,0.24799650609985935,23.431550050522386,0.47934786582706823,0.11887659593153709,0.0
High_Vector_Strength,5.0,0.0,0.0,0.0,5.0,0.0,0.0,0.0,5.0,0.0,0.0,0.0,6.392031908035278,0.17569828033447266,True,,4.36873087059191,0.0,0.4643558010559148,1.0191661685156326,61.200644019330326,0.32521775547045945,0.3314509337760821,0.0
High_Curvature_Drive,1.0,1.0,0.0,0.0,1.0,1.0,0.0,0.0,1.0,5.0,0.0,0.0,6.146643400192261,0.16427135467529297,True,,18.814282299216895,1.8990716026126515,0.40397597897658527,0.3487048353405825,15.17777154990503,0.31933165644130196,0.11135249267839967,0.2209626827291244
Twisted_Scaffold,2.0,0.5,0.5,0.0,2.0,0.5,0.5,0.0,2.0,2.5,2.5,0.0,6.294406890869141,0.16272258758544922,True,,9.568132301760391,7.885098548575624,0.4627681705556028,0.43700311320594526,28.17786049202627,0.4000149405619685,0.1748077743544714,0.1535730087997904
Blocky_Linker,1.0,0.5,0.0,2.0,1.0,0.5,0.0,2.0,1.0,2.5,0.0,1.0,6.328896999359131,0.165283203125,True,,9.404868205396438,0.9526897764215527,0.46228085825166254,0.44370047728775464,30.01588809874523,0.37962800541191083,0.16844112719306314,0.2030117141516672
