trajectory,eta_p_cycle,eta_a_cycle,Gamma_m_cycle,total_dissipation
Deep Floor Squat,7980.346663272358,7991.085605423912,56.548667764616276,16027.980936460886
Shallow Chair Squat,5679.451595120579,7800.592464494517,56.548667764616276,13536.592727379713
