lifestyle,cycles,type,eta_p_cost,eta_a_cost,gamma_m_cost,total_cost
Chair Sitter,3,Shallow,0.0,309.24343611265505,3719.842434845794,4029.085870958449
Floor Sitter,50,Deep,52985.92955939168,8240.116686269805,90089.12742021153,151315.173665873
