N_cycles,chi_avg_ratio
0,0.04212700198119195
1,0.08333282131563721
3,0.24542109027781644
10,0.5823381567398316
20,0.751980606509956
50,0.8890505788893606
80,0.9286134904996146
