N_cycles,chi_preservation
1,0.5249791874789402
2,0.699390394644273
5,0.8720733329225763
10,0.947523849412159
20,0.9853239709134994
50,0.9993548663500657
100,0.9999956794479765
