cycles_per_day,chi_avg,retention_frac
1,1.2499923197345584,0.08333282131563723
10,8.735072351097472,0.5823381567398315
50,13.335758683340408,0.8890505788893606
