boundary_condition,stiffness_modulation,info_location_rel,anisotropy,active_curvature,initial_lateral_defect,radius,E0,input_anisotropy,input_active_curvature,input_info_location_rel,input_info_width_rel,mapped_chi_kappa,mapped_chi_tau,runtime_sec,peak_memory_mb,success,error,max_curvature,max_torsion,end_to_end_distance,S_lat,cobb_angle,z_tip,x_tip,y_tip,bending_energy,shear_energy,translational_energy,rotational_energy,gravitational_energy
fixed,0.0,0.5,1.0,5.0,0.02,0.01,1000000.0,1.0,5.0,0.5,0.1,25.0,0.0,2.881352424621582,15.490864753723145,True,,53.839977823751596,0.023906676305539474,0.4661723734347616,0.0007723378111255185,0.06450911397117343,0.12083847016914426,0.0001486597508300101,-0.45023851876672893,1.180276484171316,0.012521545373979918,0.13037078648213377,4.0637305222718205e-05,0.1224400512138579
fixed,0.0,0.5,5.0,5.0,0.02,0.01,1000000.0,5.0,5.0,0.5,0.1,25.0,0.0,1.4283819198608398,0.09915637969970703,True,,53.83999772726466,0.03340340548190245,0.46617231400113285,0.0035116227209175265,0.020720189868932332,0.12083760238953137,0.0006759183571747985,-0.4502382073128566,1.1802777655685688,0.01252161456987266,0.1303706537269413,4.06371753078014e-05,0.12243845017337923
