anisotropy,active_curvature,radius,E0,input_anisotropy,input_active_curvature,mapped_chi_kappa,mapped_chi_tau,runtime_sec,peak_memory_mb,success,error,max_curvature,max_torsion,end_to_end_distance,S_lat,cobb_angle,z_tip,x_tip,y_tip,bending_energy,shear_energy,translational_energy,rotational_energy,gravitational_energy
1.0,0.0,0.01,1000000.0,1.0,0.0,0.0,0.0,2.713045835494995,14.54561710357666,True,,1.368164588189388,0.0,0.9985997672280774,0.0,0.0,0.9984827662908083,0.0,0.015285958531452115,0.012996152962112342,0.00010312503891654624,9.711457913265337e-05,1.7669217216576277e-08,1.5395028823736387
1.0,5.0,0.01,1000000.0,1.0,5.0,25.0,0.0,1.2879457473754883,0.10408401489257812,True,,53.83996464767325,0.0,0.4661726829871217,0.0,0.0,0.1208386000888335,0.0,-0.45023882894746253,1.1802768990089392,0.012521527068654649,0.13037117894850045,4.063716656907328e-05,0.12244007558378163
5.0,0.0,0.01,1000000.0,5.0,0.0,0.0,0.0,1.240347146987915,0.09727191925048828,True,,1.368164588189388,0.0,0.9985997672280774,0.0,0.0,0.9984827662908083,0.0,0.015285958531452115,0.012996152962112342,0.00010312503891654624,9.711457913265337e-05,1.7669217216576277e-08,1.5395028823736387
5.0,5.0,0.01,1000000.0,5.0,5.0,25.0,0.0,1.4306304454803467,0.09923934936523438,True,,53.83996464767325,0.0,0.4661726829871217,0.0,0.0,0.1208386000888335,0.0,-0.45023882894746253,1.1802768990089392,0.012521527068654649,0.13037117894850045,4.063716656907328e-05,0.12244007558378163
