chi_M,avg_curvature,tip_deflection_z,mid_deflection_z,max_deflection_z
0.0,1.5193885207276019,-0.9303571488441423,-0.43110227262977574,0.9303571488441423
2.0,62.619726475929895,-0.5377308215992719,0.1632217752244565,0.5377308215992719
4.0,111.17353978411691,-0.5097777956563937,-0.49408371801925677,0.851153307052837
6.0,103.74646910292834,-1.140840801450799,-0.6415613698412013,1.4632213861220582
8.0,99.4630724734564,-0.5608501468217229,-0.3123856448219187,1.0090734509231143
10.0,83.32604754485966,-1.3506453067581299,-0.7015327457553153,1.522067839783878
