Identity,Species,Length,pLDDT_mean,pLDDT_median,pLDDT_frac_high,pLDDT_frac_ok,pLDDT_frac_low,PAE_mean,PAE_blockiness,Disorder_Proxy,Hinge_Cands,Rg,End_to_End,Curvature,Torsion,Anisotropy,Principal_Axis,Hotspots,Exposed_Frac,Charged_Patch,Domains,Flags
LBX1 (P52954),Homo sapiens,281,66.9,60.2,0.23,0.16,0.61,25.1,7.35,0.26,0,22.7,51.9,0.343,1.173,2.27,"[-0.222, -0.149, 0.964]",83:0.39; 37:0.39; 34:0.38,0.93,0.36,3,"LowConf, MultiDomUncert"
RUNX3 (Q13761),Homo sapiens,415,60.6,46.3,0.28,0.04,0.68,25.6,0.0,0.56,12,15.8,53.0,0.284,1.965,2.06,"[-0.510, 0.008, 0.860]",159:0.39; 69:0.38; 54:0.38,0.78,0.37,1,LowConf
EGR3 (Q06889),Homo sapiens,387,50.0,37.9,0.13,0.11,0.75,25.9,0.0,0.64,2,18.5,42.9,0.331,1.631,3.76,"[-0.453, -0.341, 0.824]",226:0.38; 300:0.38; 323:0.38,0.87,0.54,1,LowConf
MYLK (Q15746),Homo sapiens,1914,65.85,0.0,0.18,0.43,0.39,26.6,8.29,0.35,31,41.5,56.78,0.2766,2.0756,1.46,"[-0.262, -0.391, 0.882]",1835:0.42; 59:0.41; 649:0.41,0.53,0.4,28,"LowConf, MultiDomUncert, IDR_Heavy"
PPARGC1A (Q9UBK2),Homo sapiens,798,52.74,0.0,0.08,0.13,0.79,28.09,6.56,0.62,0,31.25,68.17,0.3342,1.3147,2.19,"[-0.885, 0.223, 0.409]",689:0.38; 697:0.38; 795:0.38,0.93,0.51,4,"LowConf, MultiDomUncert, IDR_Heavy"
GHR (P10912),Homo sapiens,638,58.7,0.0,0.26,0.0699999999999999,0.67,25.83,5.31,0.5,54,31.36,63.25,0.2819,1.9819,5.13,"[-0.761, 0.080, 0.644]",266:0.38; 131:0.38; 163:0.38,0.8,0.2,3,"LowConf, MultiDomUncert, IDR_Heavy"
ARNTL (O00327),Homo sapiens,626,65.53,0.0,0.34,0.1299999999999999,0.53,22.82,3.59,0.4,6,32.07,14.26,0.3149,1.6186,3.32,"[-0.577, 0.255, 0.776]",143:0.38; 191:0.38; 428:0.38,0.69,0.47,7,"LowConf, MultiDomUncert, IDR_Heavy"
