{
  "protein_id": "COL1A1",
  "species": "Homo sapiens",
  "length": 1464,
  "pLDDT_mean": 52.72999316939891,
  "pLDDT_median": 44.22,
  "pLDDT_fraction_high": 0.15027322404371585,
  "pLDDT_fraction_ok": 0.045081967213114756,
  "pLDDT_fraction_low": 0.8046448087431693,
  "PAE_mean": "N/A",
  "PAE_domain_blockiness_score": "N/A",
  "disorder_fraction_proxy": 0.6734972677595629,
  "predicted_domain_segments": 3,
  "hinge_candidates": "77-88; 1218-1220; 1222-1224; 1317-1319",
  "mean_curvature_hc": 0.22569560649526899,
  "max_curvature_hc": 2.94290916694781,
  "mean_torsion_hc": 0.27427603630478775,
  "bending_hotspots": "64-64 (k=2.94); 1280-1280 (k=2.51); 1293-1293 (k=2.48)",
  "exposed_surface_proxy": 181,
  "charged_patch_score": 0.2983425414364641,
  "low_confidence_warning": true,
  "multi_domain_uncertain": true,
  "likely_IDR_heavy": true,
  "radius_of_gyration": 23.456196366539995,
  "end_to_end_distance": 36.59199816899864,
  "anisotropy_index": 7.823379298411099,
  "max_eigenvalue": 375.96612049699297,
  "backbone_principal_axis": "[-0.475, 0.297, 0.828]"
}