{
  "protein_id": "COL2A1",
  "species": "Homo sapiens",
  "length": 1487,
  "pLDDT_mean": 52.1160860793544,
  "pLDDT_median": 44.12,
  "pLDDT_fraction_high": 0.13315400134498992,
  "pLDDT_fraction_ok": 0.06119704102219233,
  "pLDDT_fraction_low": 0.8056489576328177,
  "PAE_mean": "N/A",
  "PAE_domain_blockiness_score": "N/A",
  "disorder_fraction_proxy": 0.691324815063887,
  "predicted_domain_segments": 3,
  "hinge_candidates": "29-31; 71-78; 80-82; 1340-1342; 1364-1367",
  "mean_curvature_hc": 0.2260192937943236,
  "max_curvature_hc": 2.967227011754268,
  "mean_torsion_hc": 0.25859605477806796,
  "bending_hotspots": "58-58 (k=2.97); 36-36 (k=2.75); 1317-1317 (k=2.58)",
  "exposed_surface_proxy": 187,
  "charged_patch_score": 0.2994652406417112,
  "low_confidence_warning": true,
  "multi_domain_uncertain": true,
  "likely_IDR_heavy": true,
  "radius_of_gyration": 24.965264352400656,
  "end_to_end_distance": 36.902011056309654,
  "anisotropy_index": 7.024111587333008,
  "max_eigenvalue": 449.1819094612829,
  "backbone_principal_axis": "[-0.434, -0.065, 0.899]"
}