{
  "protein_id": "FIBRONECTIN",
  "species": "Homo sapiens",
  "length": 2477,
  "pLDDT_mean": 69.65148163100525,
  "pLDDT_median": 75.38,
  "pLDDT_fraction_high": 0.04521598708114655,
  "pLDDT_fraction_ok": 0.563181267662495,
  "pLDDT_fraction_low": 0.3916027452563585,
  "PAE_mean": "N/A",
  "PAE_domain_blockiness_score": "N/A",
  "disorder_fraction_proxy": 0.16471538150989098,
  "predicted_domain_segments": 49,
  "hinge_candidates": "53-55; 58-62; 81-83; 98-101; 105-109; 114-118; 139-144; 148-151; 157-159; 180-182; 188-190; 194-198; 232-235; 239-243; 249-252; 309-311; 316-318; 324-326; 335-338; 351-353; 370-372; 377-383; 392-394; 411-415; 430-432; 437-440; 516-521; 524-528; 534-537; 562-565; 569-573; 578-582; 647-649; 660-663; 671-675; 684-687; 743-746; 756-759; 769-771; 793-797; 822-824; 846-848; 870-873; 884-886; 928-933; 943-946; 955-958; 980-983; 1007-1010; 1032-1034; 1056-1059; 1070-1072; 1097-1100; 1108-1112; 1121-1124; 1131-1136; 1142-1147; 1155-1159; 1184-1187; 1197-1201; 1212-1215; 1235-1240; 1251-1253; 1289-1294; 1303-1307; 1328-1332; 1341-1344; 1380-1384; 1396-1398; 1407-1410; 1432-1435; 1485-1488; 1509-1511; 1523-1525; 1549-1551; 1560-1565; 1575-1578; 1599-1601; 1613-1615; 1655-1659; 1669-1672; 1693-1696; 1706-1709; 1745-1749; 1759-1761; 1796-1799; 1823-1825; 1849-1851; 1873-1876; 1887-1889; 1926-1931; 1941-1943; 1952-1954; 1964-1966; 1976-1980; 2030-2032; 2067-2070; 2214-2220; 2229-2232; 2241-2245; 2251-2257; 2266-2269; 2305-2309; 2315-2318; 2340-2345; 2348-2352; 2387-2389; 2392-2396; 2401-2403; 2412-2416",
  "mean_curvature_hc": 0.1823712430027845,
  "max_curvature_hc": 2.88746263098179,
  "mean_torsion_hc": 0.13590437215790493,
  "bending_hotspots": "1099-1099 (k=2.89); 1942-1942 (k=2.85); 2267-2267 (k=2.83)",
  "exposed_surface_proxy": 1034,
  "charged_patch_score": 0.25435203094777564,
  "low_confidence_warning": true,
  "multi_domain_uncertain": true,
  "likely_IDR_heavy": false,
  "radius_of_gyration": 55.0887222021923,
  "end_to_end_distance": 48.89667058195272,
  "anisotropy_index": 5.97756799079332,
  "max_eigenvalue": 1825.1639872639357,
  "backbone_principal_axis": "[-0.808, 0.027, 0.589]"
}