{
  "protein_id": "NOTCH1",
  "species": "Homo sapiens",
  "length": 2555,
  "pLDDT_mean": 59.59925636007829,
  "pLDDT_median": 65.25,
  "pLDDT_fraction_high": 0.028962818003913895,
  "pLDDT_fraction_ok": 0.3193737769080235,
  "pLDDT_fraction_low": 0.6516634050880626,
  "PAE_mean": "N/A",
  "PAE_domain_blockiness_score": "N/A",
  "disorder_fraction_proxy": 0.26575342465753427,
  "predicted_domain_segments": 12,
  "hinge_candidates": "29-35; 47-52; 54-57; 66-71; 77-81; 88-93; 95-97; 109-115; 119-122; 128-133; 135-138; 146-153; 155-160; 165-168; 172-174; 186-192; 196-199; 205-214; 225-231; 235-238; 244-249; 251-253; 263-270; 273-277; 282-287; 289-291; 303-309; 313-316; 322-326; 329-331; 341-347; 351-354; 360-370; 378-384; 389-393; 399-404; 406-408; 420-426; 430-434; 439-444; 446-448; 458-465; 468-472; 477-482; 484-486; 496-502; 506-509; 515-520; 522-524; 534-540; 544-548; 553-558; 560-562; 572-578; 581-584; 590-595; 597-599; 610-614; 619-622; 629-633; 635-637; 647-653; 656-660; 665-674; 685-690; 694-697; 703-708; 710-712; 722-728; 731-735; 740-745; 747-749; 759-765; 769-773; 778-783; 785-787; 798-803; 807-810; 823-825; 836-841; 857-861; 863-865; 875-882; 885-889; 894-899; 901-903; 913-919; 923-927; 932-937; 939-941; 951-957; 961-965; 970-975; 977-979; 989-996; 999-1002; 1008-1017; 1028-1033; 1046-1048; 1053-1055; 1066-1071; 1075-1079; 1084-1089; 1091-1094; 1099-1101; 1104-1106; 1112-1114; 1123-1127; 1132-1137; 1139-1141; 1151-1157; 1161-1165; 1170-1179; 1189-1196; 1199-1203; 1208-1213; 1215-1217; 1228-1242; 1245-1249; 1254-1259; 1261-1263; 1274-1280; 1285-1289; 1294-1296; 1301-1303; 1313-1319; 1326-1328; 1334-1337; 1339-1344; 1355-1361; 1365-1367; 1373-1382; 1394-1400; 1406-1409; 1414-1420; 1427-1433; 1435-1437; 1454-1466; 1468-1472; 1488-1491; 1500-1508; 1510-1512; 1536-1538; 1540-1544; 1549-1554; 1560-1563; 1608-1612; 1685-1689; 1708-1712; 1876-1881; 1886-1888; 1909-1917; 1923-1926",
  "mean_curvature_hc": 0.2125495928085257,
  "max_curvature_hc": 2.2725276648199335,
  "mean_torsion_hc": 0.33595434557741843,
  "bending_hotspots": "198-198 (k=2.27); 1423-1423 (k=2.04); 96-96 (k=1.72)",
  "exposed_surface_proxy": 460,
  "charged_patch_score": 0.28043478260869564,
  "low_confidence_warning": true,
  "multi_domain_uncertain": true,
  "likely_IDR_heavy": false,
  "radius_of_gyration": 51.37116803618472,
  "end_to_end_distance": 86.98105930028674,
  "anisotropy_index": 4.176790510439499,
  "max_eigenvalue": 1567.7245318607424,
  "backbone_principal_axis": "[-0.745, -0.169, 0.645]"
}