{
  "protein_id": "PIEZO2",
  "species": "Homo sapiens",
  "length": 709,
  "pLDDT_mean": 79.4436389280677,
  "pLDDT_median": 88.38,
  "pLDDT_fraction_high": 0.41748942172073344,
  "pLDDT_fraction_ok": 0.36812411847672777,
  "pLDDT_fraction_low": 0.2143864598025388,
  "PAE_mean": "N/A",
  "PAE_domain_blockiness_score": "N/A",
  "disorder_fraction_proxy": 0.1368124118476728,
  "predicted_domain_segments": 7,
  "hinge_candidates": "100-103; 173-183; 378-381; 498-500; 528-532; 578-582; 593-602; 616-618",
  "mean_curvature_hc": 0.132172969180621,
  "max_curvature_hc": 2.7825827652076907,
  "mean_torsion_hc": 0.3654150685627151,
  "bending_hotspots": "403-403 (k=2.78); 498-498 (k=2.62); 551-552 (k=1.73)",
  "exposed_surface_proxy": 459,
  "charged_patch_score": 0.22004357298474944,
  "low_confidence_warning": false,
  "multi_domain_uncertain": false,
  "likely_IDR_heavy": false,
  "radius_of_gyration": 43.40791862714556,
  "end_to_end_distance": 97.91502514936101,
  "anisotropy_index": 19.72405756108281,
  "max_eigenvalue": 1478.7770637714566,
  "backbone_principal_axis": "[-0.687, -0.068, 0.724]"
}