{
  "protein_id": "PIEZO1",
  "species": "Homo sapiens",
  "length": 2521,
  "pLDDT_mean": 72.0459182863943,
  "pLDDT_median": 79.19,
  "pLDDT_fraction_high": 0.11939706465688218,
  "pLDDT_fraction_ok": 0.5537485124950416,
  "pLDDT_fraction_low": 0.32685442284807614,
  "PAE_mean": "N/A",
  "PAE_domain_blockiness_score": "N/A",
  "disorder_fraction_proxy": 0.1701705672352241,
  "predicted_domain_segments": 35,
  "hinge_candidates": "2-7; 9-11; 23-30; 47-53; 55-58; 75-78; 81-88; 90-95; 98-104; 110-115; 118-120; 233-242; 266-272; 294-299; 306-309; 413-416; 430-432; 434-440; 453-460; 462-464; 486-488; 493-500; 509-513; 515-517; 560-563; 566-573; 593-596; 616-620; 648-654; 674-682; 684-686; 697-699; 707-709; 787-789; 875-877; 887-895; 922-925; 953-957; 1071-1075; 1133-1141; 1239-1245; 1259-1263; 1266-1273; 1445-1455; 1505-1517; 1554-1558; 1567-1570; 1721-1723; 1759-1761; 1763-1765; 1777-1780; 1920-1922; 1981-1984; 1987-1995; 2053-2055; 2289-2291; 2293-2295; 2311-2314; 2330-2344; 2395-2397; 2409-2414",
  "mean_curvature_hc": 0.13549936797934894,
  "max_curvature_hc": 3.156716108135358,
  "mean_torsion_hc": 0.4645399234775956,
  "bending_hotspots": "2217-2217 (k=3.16); 2312-2312 (k=3.09); 2364-2364 (k=1.89)",
  "exposed_surface_proxy": 1094,
  "charged_patch_score": 0.2230347349177331,
  "low_confidence_warning": false,
  "multi_domain_uncertain": false,
  "likely_IDR_heavy": false,
  "radius_of_gyration": 58.85421625457664,
  "end_to_end_distance": 169.40677437753192,
  "anisotropy_index": 15.18084018412191,
  "max_eigenvalue": 2660.510396456354,
  "backbone_principal_axis": "[-0.270, -0.320, 0.908]"
}