{
  "protein_id": "RUNX2",
  "species": "Homo sapiens",
  "length": 507,
  "pLDDT_mean": 59.509625246548325,
  "pLDDT_median": 48.19,
  "pLDDT_fraction_high": 0.22682445759368836,
  "pLDDT_fraction_ok": 0.08481262327416174,
  "pLDDT_fraction_low": 0.6883629191321499,
  "PAE_mean": "N/A",
  "PAE_domain_blockiness_score": "N/A",
  "disorder_fraction_proxy": 0.5384615384615384,
  "predicted_domain_segments": 2,
  "hinge_candidates": "59-61; 91-95; 226-230",
  "mean_curvature_hc": 0.18092729624139578,
  "max_curvature_hc": 2.7581573003148603,
  "mean_torsion_hc": 0.2840403012778264,
  "bending_hotspots": "103-103 (k=2.76); 190-190 (k=1.97); 162-162 (k=1.43)",
  "exposed_surface_proxy": 117,
  "charged_patch_score": 0.23931623931623933,
  "low_confidence_warning": true,
  "multi_domain_uncertain": true,
  "likely_IDR_heavy": true,
  "radius_of_gyration": 22.41328062880724,
  "end_to_end_distance": 62.37220228595428,
  "anisotropy_index": 10.042649546751017,
  "max_eigenvalue": 350.8422149952564,
  "backbone_principal_axis": "[-0.817, 0.565, 0.113]"
}