{
  "protein_id": "SOX9",
  "species": "Homo sapiens",
  "length": 509,
  "pLDDT_mean": 55.97495088408645,
  "pLDDT_median": 50.22,
  "pLDDT_fraction_high": 0.10609037328094302,
  "pLDDT_fraction_ok": 0.05304518664047151,
  "pLDDT_fraction_low": 0.8408644400785854,
  "PAE_mean": "N/A",
  "PAE_domain_blockiness_score": "N/A",
  "disorder_fraction_proxy": 0.4911591355599214,
  "predicted_domain_segments": 1,
  "hinge_candidates": "73-78; 99-102; 269-275; 277-280",
  "mean_curvature_hc": 0.12147944845304622,
  "max_curvature_hc": 0.41225865899609093,
  "mean_torsion_hc": 0.3438784345345365,
  "bending_hotspots": "124-125 (k=0.41); 166-166 (k=0.33); 131-131 (k=0.25)",
  "exposed_surface_proxy": 70,
  "charged_patch_score": 0.45714285714285713,
  "low_confidence_warning": true,
  "multi_domain_uncertain": false,
  "likely_IDR_heavy": true,
  "radius_of_gyration": 16.63470226248062,
  "end_to_end_distance": 40.14818095505698,
  "anisotropy_index": 4.788911976106375,
  "max_eigenvalue": 131.02087487436114,
  "backbone_principal_axis": "[0.626, -0.097, -0.774]"
}