{
  "protein_id": "TALIN1",
  "species": "Homo sapiens",
  "length": 2541,
  "pLDDT_mean": 75.88697756788666,
  "pLDDT_median": 80.38,
  "pLDDT_fraction_high": 0.06572215663124754,
  "pLDDT_fraction_ok": 0.706021251475797,
  "pLDDT_fraction_low": 0.22825659189295552,
  "PAE_mean": "N/A",
  "PAE_domain_blockiness_score": "N/A",
  "disorder_fraction_proxy": 0.0759543486816214,
  "predicted_domain_segments": 51,
  "hinge_candidates": "10-12; 35-37; 40-45; 53-56; 117-123; 158-164; 185-187; 199-209; 224-228; 318-320; 340-344; 352-355; 361-363; 369-372; 522-531; 561-568; 598-602; 627-631; 655-659; 727-729; 784-787; 840-842; 844-853; 877-881; 948-950; 974-981; 1004-1006; 1008-1017; 1105-1114; 1142-1146; 1170-1182; 1200-1203; 1220-1224; 1232-1235; 1237-1239; 1259-1265; 1289-1298; 1321-1332; 1347-1349; 1358-1361; 1376-1378; 1382-1386; 1448-1452; 1466-1468; 1476-1488; 1509-1522; 1542-1555; 1573-1575; 1589-1593; 1620-1628; 1721-1724; 1750-1754; 1782-1790; 1815-1820; 1905-1910; 1937-1945; 2036-2042; 2068-2072; 2101-2112; 2161-2165; 2193-2199; 2224-2230; 2257-2264; 2288-2290; 2302-2304; 2367-2372; 2410-2417; 2439-2451",
  "mean_curvature_hc": 0.1333675434427893,
  "max_curvature_hc": 2.8255238260436197,
  "mean_torsion_hc": 0.4851816482447592,
  "bending_hotspots": "362-362 (k=2.83); 10-10 (k=2.81); 333-333 (k=2.66)",
  "exposed_surface_proxy": 950,
  "charged_patch_score": 0.3589473684210526,
  "low_confidence_warning": false,
  "multi_domain_uncertain": false,
  "likely_IDR_heavy": false,
  "radius_of_gyration": 56.8870546477517,
  "end_to_end_distance": 35.653990940706755,
  "anisotropy_index": 4.1772018648916305,
  "max_eigenvalue": 2110.2093623883125,
  "backbone_principal_axis": "[-0.698, -0.017, 0.716]"
}