{
  "protein_id": "TRPV4",
  "species": "Homo sapiens",
  "length": 871,
  "pLDDT_mean": 71.60041331802526,
  "pLDDT_median": 83.19,
  "pLDDT_fraction_high": 0.22043628013777267,
  "pLDDT_fraction_ok": 0.44661308840413316,
  "pLDDT_fraction_low": 0.33295063145809417,
  "PAE_mean": "N/A",
  "PAE_domain_blockiness_score": "N/A",
  "disorder_fraction_proxy": 0.2537313432835821,
  "predicted_domain_segments": 8,
  "hinge_candidates": "103-105; 202-204; 394-398; 425-430; 439-441; 493-496; 541-545; 593-597; 603-611; 660-664; 685-689; 715-722; 724-726; 745-750; 765-770; 785-788; 790-792",
  "mean_curvature_hc": 0.16294801039146772,
  "max_curvature_hc": 1.9474097571314193,
  "mean_torsion_hc": 0.43190122894584887,
  "bending_hotspots": "410-411 (k=1.95); 233-233 (k=1.69); 397-397 (k=1.55)",
  "exposed_surface_proxy": 413,
  "charged_patch_score": 0.26150121065375304,
  "low_confidence_warning": false,
  "multi_domain_uncertain": false,
  "likely_IDR_heavy": false,
  "radius_of_gyration": 35.40188546213826,
  "end_to_end_distance": 83.71970278255888,
  "anisotropy_index": 8.61321701609366,
  "max_eigenvalue": 885.5192580419405,
  "backbone_principal_axis": "[-0.638, -0.113, 0.762]"
}