{
  "protein_id": "VINCULIN",
  "species": "Homo sapiens",
  "length": 1134,
  "pLDDT_mean": 86.58665784832452,
  "pLDDT_median": 91.94,
  "pLDDT_fraction_high": 0.6340388007054674,
  "pLDDT_fraction_ok": 0.25396825396825395,
  "pLDDT_fraction_low": 0.11199294532627865,
  "PAE_mean": "N/A",
  "PAE_domain_blockiness_score": "N/A",
  "disorder_fraction_proxy": 0.04938271604938271,
  "predicted_domain_segments": 6,
  "hinge_candidates": "216-220; 862-866; 1005-1010; 1074-1081; 1117-1120",
  "mean_curvature_hc": 0.13800750253480581,
  "max_curvature_hc": 0.734519559548917,
  "mean_torsion_hc": 0.49300028062881995,
  "bending_hotspots": "30-30 (k=0.73); 685-685 (k=0.65); 807-807 (k=0.64)",
  "exposed_surface_proxy": 578,
  "charged_patch_score": 0.3806228373702422,
  "low_confidence_warning": false,
  "multi_domain_uncertain": false,
  "likely_IDR_heavy": false,
  "radius_of_gyration": 33.20255489224982,
  "end_to_end_distance": 45.59426274214772,
  "anisotropy_index": 3.0328508242385537,
  "max_eigenvalue": 617.7452534421775,
  "backbone_principal_axis": "[-0.741, 0.009, 0.672]"
}