{
  "protein_id": "YAP1",
  "species": "Homo sapiens",
  "length": 504,
  "pLDDT_mean": 57.402023809523804,
  "pLDDT_median": 51.56,
  "pLDDT_fraction_high": 0.015873015873015872,
  "pLDDT_fraction_ok": 0.24603174603174602,
  "pLDDT_fraction_low": 0.7380952380952381,
  "PAE_mean": "N/A",
  "PAE_domain_blockiness_score": "N/A",
  "disorder_fraction_proxy": 0.44841269841269843,
  "predicted_domain_segments": 5,
  "hinge_candidates": "49-51; 66-68; 70-78; 266-268; 330-332; 336-338",
  "mean_curvature_hc": 0.21894286519344425,
  "max_curvature_hc": 2.6045473374387917,
  "mean_torsion_hc": 0.378108650104398,
  "bending_hotspots": "251-251 (k=2.60); 192-192 (k=2.53); 241-242 (k=1.79)",
  "exposed_surface_proxy": 124,
  "charged_patch_score": 0.2661290322580645,
  "low_confidence_warning": true,
  "multi_domain_uncertain": true,
  "likely_IDR_heavy": true,
  "radius_of_gyration": 23.554690762101806,
  "end_to_end_distance": 44.2636761803626,
  "anisotropy_index": 3.9581870886823793,
  "max_eigenvalue": 254.56483139003294,
  "backbone_principal_axis": "[-0.676, 0.732, 0.082]"
}